Nombre,Secuencia
BAE86996.1,MLNPSKLSVLLGWAIAASSHAAMNIQPDPENPNGYVVARADITAAEQAKTADPMYATWAKALETRANTIVEAIEPGLASNPENVKRVERVFPQSEWDFLTHMAAPEYTYTRFLRAIGKFPAFCGEYTDGRDSDAICQKSIVTAFAHFAQETGGHIAKDNVSDNPLALEEWQQALVHVREMGWSEGQEGYTTGCGQNDWQNARWPCAPGQGYFGRGAKQLSYHFNYGAFSEVMFDGDATVLLNDPGRVADSWLNLASAIWFFLTPQAPKPAMLHVIDRTWSPSQREIDAGIGYGFGTTINVINGGIECGEQNKEKGQPVNRIRYWEGLSAHYQIPLEADEKNTCWQQTPYGSLNLNGATDVLYTNWDGNWKYYPDRPGGYSFECELVGFQTAYSALVPGDYEKCVTNFYGSHANWPQVRVVAQLEPGDPGTEPGSGDWDSNKVYNAGDQVIFNGVTYQAKWWTQGDSPADGGPWEPVSGTPIEPEPTPGPTPLPNSFIQWQPGVTQVADGDKVTYNGKCFIAKNGPGVWETPLQSNWFWDEIACQ
AAA18586.1,MRAFVLFAVVAMAATMAVAEQCGSQAGGATCPNCLCCSRFGWCGSTPYCGDGCQSQCSGCGGGSTPVTPTPSGGGGVSSIVSRALFDRMLLHRNDGACQAKGFYTYDAFVAAASAFRGFGTTGGTDTRKREVAAFLAQTSHETTGGWATAPDGAFAWGYCFKQERGATSNYCTPSAQWPCAPGKSYYGRGPIQLSHNYNYGPAGRAIGVDLLRNPDLVATDPTVSFKTAMWFWMTAQAPKPSSHAVITGQWSPSGTDRAAGRVPGFGVITNIVNGGIECGHGQDSRVADRIGFYKRYCDILGVGYGNNLDCYSQRPFA
AAA32769.1,MPPQKENHRTLNKMKTNLFLFLIFSLLLSLSSAEQCGRQAGGALCPNGLCCSEFGWCGNTEPYCKQPGCQSQCTPGGTPPGPTGDLSGIISSSQFDDMLKHRNDAACPARGFYTYNAFITAAKSFPGFGTTGDTATRKKEVAAFFGQTSHETTGGWATAPDGPYSWGYCFKQEQNPASDYCEPSATWPCASGKRYYGRGPMQLSWNYNYGLCGRAIGVDLLNNPDLVANDAVIAFKAAIWFWMTAQPPKPSCHAVIAGQWQPSDADRAAGRLPGYGVITNIINGGLECGRGQDGRVADRIGFYQRYCNIFGVNPGGNLDCYNQRSFVNGLLEAAI
AAA32941.1,MRSLAVVVAVVATVAMAIGTARGSVSSIVSRAQFDRMLLHRNDGACQAKGFYTYDAFVAAAAAFPGFGTTGSADAQKREVAAFLAQTSHETTGGWATAPDGAFAWGYCFKQERGASSDYCTPSAQWPCAPGKRYYGRGPIQLSHNYNYGPAGRAIGVDLLANPDLVATDATVGFKTAIWFWMTAQPPKPSSHAVIAGQWSPSGADRAAGRVPGFGVITNIINGGIECGHGQDSRVADRIGFYKRYCDILGVGYGNNLDCYSQRPFA
AAA33444.1,MANAPRILALGLLALLCAAAGPAAAQNCGCQPNFCCSKFGYCGTTDAYCGDGCQSGPCRSGGGGGGGGGGGGGGSGGANVANVVTDAFFNGIKNQAGSGCEGKNFYTRSAFLSAVNAYPGFAHGGTEVEGKREIAAFFAHVTHETGHFCYISEINKSNAYCDASNRQWPCAAGQKYYGRGPLQISWNYNYGPAGRDIGFNGLADPNRVAQDAVIAFKTALWFWMNNVHGVMPQGFGATIRAINGALECNGNNPAQMNARVGYYKQYCQQLRVDPGPNLIC
AAA33445.1,PQLVALGLALLCAVAGPAAAQNCGCQPNVCCSKFGYCGTTDEYCGDGCQSGPCRSGRGGGGSGGGGANVASVVTSSFFNGIKNQAGSGCEGKNFYTRSAFLSAVKGYPGFAHGGSQVQGKREIAAFFAHATHETGHFCYISEINKSNAYCDPTKRQWPCAAGQKYYGRGPLQISWNYNYGPAGRAIGFDGLGDPGRVARDAVVAFKAALWFWMNSVHGVVPQGFGATTRAMQRALECGGNNPAQMNARVGYYRQYCRQLGVDPGPNLTC
AAA34219.1,MMMRFLSAVVIMSSAMAVGLVSAQRCGSQGGGGTCPALWCCSIWGWCGDSEPYCGRTCENKCWSGERSDHRCGAAVGNPPCGQDRCCSVHGWCGGGNDYCSGSKCQYRCSSSVRGPRVALSGNSTANSIGNVVVTEPLFDQMFSHRKDCPSQGFYSYHSFLVAAESFPAFGTIGDVATRKREVAAFLAHISQATSGERSDVENPHAWGLCHINTTTVTENDFCTSSDWPCAAGKKYSPRGPIQLTHNFNYGLAGQAIGEDLIQNPDLVEKDPIISFKTALWFWMSQHDNKPSCHDIVLNANSAANRIPNKGVIGNIISRAFGHDDFAVRSSSIGFYKRYCDMLGVSYGHDLKYWFDNTPSSEFQRIQMRVAA
AAA75196.1,MSKLRIPILLVLFIVSCCSAEQCGTQAGGALCPGGLCCSKFGWCGSTSEYCGDGCQSQCSGSSGGGTLSSLISGDTFNNMLKHRNDNACQGKPFYTYDAFLSAAKAFPNFANKGDTATKKREIAAFLGQTSHETTGGWPTAPDGPYAWGYCFLREQNPSTYCQASSEFPCASGKQYYGRGPIQISWNYNYGQCGRAIGVDLLNNPDLVATDPVISFKTALWFWMTPQSPKPSCHDVITGGWTPSSADRAAGRLPGYGTVTNIINGGLECGRGQDSRVQDRIGFYKRYCDIFGIGYGDNLDCYSQRPFGSSLPLSSILLDTVAAA
AAB08470.1,MKTFFIFLTAIFIAASLVSAQNCNCTAGLCCSKHGYCGTTSDYCGEGCQAGPCTNTAPTGGGNGVSVADIVTDDFFNGIISQATGDCDGKNFYTRSAFLNALQSYSSFGTSGSADDSKREIAAFFAHATHETGYFCHKEETNGRDKNYCESKAGYPCNANVKYFGRGPLQLTWNYNYIDAGNSNDFDGLNNPDIVASDAVVSFKTALWYWKVKVQSVTSQGFGATIRAINSIECNGGSPDAVNSRVSLYNSYCSKFGVAPGDNQRC
AAB58239.2,NGQYRICKLLICAMRRLLPLAGATLLIAAAGGASGQQAGVGSIITRAMFESMLNHRGDQGCQGAFYTYDAFIKAAGDFPRFGTTGNDETRRRELAAFFGQTSHETTGGWATAPDGPFAWGYCRVNEITPSEPPYYGRRPYTLLISTTTSYRGPLGLELVNNPDLVSRTPWWVFRTPICFWMTAQSPKPLCQDVITNQWTPSGDDRLREVPGYGMPTNIINGGEECGKGYSTDNAKDRVGYYKRYCDMFRVGYGDNIACRDQKPYGGG
AAC49435.1,MKTSFATKFIFLIFIAAPLVSAQNCNCAAGLCCSKYGYCGTTSDYCGEGCQAGPCTNSAPSGGGNAVSVADIVTDDFFNGIISQATGDCDGKNFYTRSAFLEALQSYSSFGTSGSADDSKREIAAFFAHATHETGYFCHKEETSGRDHNYCQSTAEYPCNPNVNYFGRGPLQLTWNYNYIDAGNSNDFDGLNNPDIVASDAVVSFKTALWYWKVKVQSVTSQGFGATIRAINSIECNGGSPDAVNSRVSLYNSYCSKFGVAPGDNQGC
AAD28730.1,MAKSPMAILALGLAAVVLSGAGLASGDPVESVVTDAFFDGIKSQAADGGCPGKSFYTRQFFLDGAQANPDFGKGGTSDDGKREIAAFFAHFTHETGYMCYIEEKDGASQNYCDTNYPLWPCTSGKAYYGRGPLQLTWNYNYGAAGQKLGFNGLDNPEKVAQDPALTFQAAFWFWMTNVHQVVPQGFGETSRKINSGECNGGNAPAMNARANYYVEYCKQFGVDPGNNLTC
AAD54934.1,MVSTSMRWLWGLVIFLGIVGIRGQDVGSLISKAMFEDMLKHRNDANCPAKGFYTYEAFIDATKAFGAFGTTGDPDTRKREIAAFLAQTSHETTGGWASAPDGPYAWGYCYKEEQNPPSDYCSPSQEWPCAPNKKYYGRGPIQISYNYNYGPAGKAIGSDLLGNPDLVASDATISFKTALWFWMTPQSPKPSSHDAITGVWKPSAADSAAGRVPGYGVVTNIINGGIECGKGSNPQVEDRIGFFKRYCTILGVSPGDNLDCYNQRPFA
AAD54935.1,MAPPLSFPLLLTIIIFSSTLFSSLDARNGIHISSLISQDLYNSLFLHKDDTACPAKDFYPYSAFIEATKRFPSFGSSGSLATRKREIAAFLAQISHETTGGWATAPDGPYAWGLCFKEEISPGSDYCDSSNQQWPCYPNKTYQGRGPIQLSWNYNYGPAGKALGFDGLKNPEIVANNSVIAFKTALWFWMTEQKPKPSCHDVMIGRYKPTAADIAANRTAGFGLVTNIINGGLECGIGSDSRVNDRIGYFQRYAKLFNVDTGRNLDCASQKSF
AAD54936.1,PPLSFPLLLTIIIFSSTFFSSLEARNGIHISSLISQDLYNSLFLHKDDTACPAKDFYPYSAFIEATRRFPSFGSSGTLATRKREIAAFLAQISHETTGGWATAPDGPYAWGLCFKEEISPGSDYCDSSNQQWPCYPNKTYQGRGPIQLSWNYNYGPAGKALGFDGLKNPEIVANNSVIAFKTALWFWMTEQKPKPSCHDVMIGRYKPTAADIAANRTAGFGLVTNIINGGLECGIGSDSRVNDRIGYFQRYAKLFNVDTGRNLDCASQKSF
AAF02299.1,MKTYLLLLLIFSLLLSFSSGEQCGSQSIPEGALCPNGLCCSEAGWCGTTEAYCGHGCQSQCNPGPYPPPPTPQCGRQSIPAGALCPNGLCCSEAGWCGTTEAYCGHGCQSQCTPIPTPPAPTPTPPTPTPPSPTPPGPTPPGPSGDLSGIISRDQFYKMLKHMNDNDCHAVGFFTYDAFITAAKSFPSFGNTGDLAMRKKEIAAFFGQTSHETTGGWSGAPDGANTWGYCYKEEIDKSDPHCDSNNLEWPCAPGKFYYGRGPMMLSWNYNYGPCGRDLGLELLKNPDVASSDPVIAFKTAIWFWMTPQAPKPSCHDVITDQWEPSAADISAGRLPGYGVITNIINGGLECAGRDVAKVQDRISFYTRYCGMFGVDPGSNIDCDNQRPFNEGSNVFLDAAI
AAF64475.1,MKLYSLLSLLFLGVLWRSEGVASSSNDDVGRLINVTTFNAMFKYQKDPQCPSQGFYSYQAFLTAARSFGKLGFATTGKLATRKRELLAFLAQTSHQTTGGWLTAPDGPLFWGYCHIRESTEDSYCKADPKWPCAKGQKYYGRGPMQLKGNQNYGQAGKALGLDLLKNPDLVAKDPVVSFKTAIWFWMTAQGIKPSCHDVMVGKWKPTEADKAAKRVPGYGVVSNIIGGSECGSGANTDVADRFGFYVRYCKMLGVNPGKHLDCFFQQPFTRM
AAG13608.1,MTTTTTRFVQLAACAAASLLAVAASGAAAQGVGSVITQAVFNSMLPNRDNSQCPARGFYTYDAFIAAANSFPAFGTSGGSAELIRRELAAFFGQTSHETTGGTRGSSDQFQWGYCFKEEINKATSPPYYGRGPIQLTGQSNYQAAGNALGLDLVGNPDLVSTDAVVSFKTAIWFWMTAQGNKPSCHDVILGRWTPSAADTAAGRVPGYGVITNIINGGIECGVGQNDANVDRIGYYKRYCDMLGAGYGSNLDCYNQRNFAS
AAG23965.1,QCGSQAGGALCPGGLCCSQFGWCGSTDDYCGKGCQSQCGGQPAPSDLSALIPRATFDQMLKHRNDGACPARGFYTYDAFIAAARAFPSFGNTGDTATRKREIAAFLGQTSHETTGGWPSAPDGPYAWGYCFVREQNPSAYCSPTPQFPCASGQQYYGRGPIQISWNYNYGQCGNAIGVDLINNPDLVATDPVVSFKSAIWFWMTPQSPKPSSHDVITSQWTPSAADVAAGRLPGYGTVTNIINGGLECGRGQDSRVEDRIGFFKRYCDLFGVGYGNNLDCYSQAPFGNSLLNLHPIV
AAK01734.1,MKNMKLCSVMLCLSLAFLLGATAEQCGTQAGGALCPNRLCCSKFGWCGDTDSYCGEGCQSQCKSATPSTPTPTTPSSGGDISRLISSSLFDQMLKYRNDGRCSGHGFYRYDAFIAAAGSFNGFGTTGDDNTRKKEIAAFLAQTSHETTGGWASAPDGPYAWGYCFINEQNQATYCDGGNWPCAAGKKYYGRGPIQLTHNYNYGQAGKALGLDLINNPDLVATDATVSFKTALWFWMTAQGNKPSSHDVITGRWTPSSADSSAGRAPGYGVITNIINGGLECGHGQDNRVQDRIGFYRRYCQMMGISPGDNLDCNNQRPFA
AAL34317.1,MTTTTARFVQLAACAAAALLAVAASGAAAQGVGSVITQAVFNSMLPNRDNSQCPARGFYTYDAFIAAANSFPAFGTSGGSAELIRRELAAFFGQTSHETTGGTRGSSDQFQWGYCFKEEINKATSPPYYGRGPIQLTGQSNYQAAGNALGLDLVGNPDLVSTDAVVSFKTAIWFWMTGQGNKPSCHDVILGRWTPSAADTAAYRVPGYDGITNIINGGIECGVGQNDANVDRIGYYKRYCDMLGTGYGSNLDCYNQRNFAS
AAM49597.2,MDNMNKMRVLLCVLLYSFMVGGLAEQCGRQAGGALCPGRLCCSQFGWCGSTNDYCGPGCQSQCGGSGPGPAPPSGGLTGIISRDTFNQMLKHRNDAACPANGFYTYDAFILAAKSFPAFGSTGDDATRKREVAAFLGQTSHETTGGWPSAPDGPYAWGYCFKQERNPPSAYCQPSSQYPCAPGKQYYGRGPMQLSWNYNYGQCGRAIGADLLNSPDLVASDAVISFKTALWFWMTAQSPKPSCHDVITGRWTPSGADTAAGRLPGYGTTTNIINGGLECGRGQDARVADRIGFFKRYCDILRVGYGSNLDCYSQRPFGSSSLIDVL
AAQ17051.1,MGSIIIDKSVMALVLVLLLVGVSVNAQNCGCATGVCCSQYGYCGTTSAYCGKGCKSGPCYSSGGGSPSAGGGSVGGIISQSFFNGLAGGAASSCEGKGFYTYNAFIAAANAYSGFGTTGSNDVKKRELAAFFANVMHETGGLCYINEKNPPINYCQSSSTWPCTSGKSYHGRGPLQLSWNYNYGAAGKSIGFDGLNNPEKVGQDSTISFKTAVWFWMKNSNCHSAITSGQGFGGTIKAINSMECNGGNSGEVSSRVNYYKKICSQLGVDPGANVSC
AAT27430.1,MYRRVMSLLAALGAVVAMVVALPASASASAFTTAVAADCAAAWNSSSVYTGGQSASHNGHNWTAKWWTQNETPGSSDVWADQGACGGGGTDPDPGNPSGFVVSEAQFNQMFPNRNPFYTYNGLTAALSAYPAFANTGSDTVKRQEAAAFLANVSHETGGLVYVVEQNTSNYPHYCDSSQPYGCPAGQAAYYGRGPIQLSWNFNYKAAGDALGIDLLGNPYLVEQDASVAWKTGLWYWNTQNGPGTMTAHAAMVNGAGFGETIRSINGSLECNGGNPAQVQSRIDRYKSLTQILGTTPGPNLSC
ABD47583.1,MRALAVVAMVATAFLAAAVHAEQCGSQAGGAVCPNCLCCSQFGWCGSTSDYCGAGCQSQCSAAGCGGGGPTPPSGGGGSGVASIVSRSLFDQMLLHRNDAACPASNFYTYDAFVAAASAFPGFAAAGGDADTNKREVAAFLAQTSHETTGGWATAPDGPYTWGYCFKEENGGAAGPDYCQQSAQWPCAAGKKYYGRGPIQLSYNFNYGPAGQAIGADLLGDPDLVASDATVSFDTAFWFWMTPQSPKPSCHAVATGQWTPSADDQAAGRVPGYGVITNIINGGLECGHGEDDRVADRIGFYKRYCDILGVSYGANLDCYSQRPFGS
ABD66068.1,MKAHTLIILAFALFLGAASAEQCGRQANGALCPNRLCCSQHGWCGSTDEYCKNGCQSQCGGQTPTPTNPGSGDVGRIITPAIFDQMLKYRNDARCPSNGFYSYNAFISATRSFPGFGTTGDDATRKRELAAFLGQTSHETTGGWPSAPDGPFAWGYCFIRERNQDTYCSPNQQWPCAPGQKYYGRGPIQLTHNYNYGPAGRALGLNLLNNPDSVATDPTVSFKTAIWFWMTPQGNKPSSHDVIIGKWQPSGADSAAGRVPGYGVITNIINGGLECGRGPDSRVADRIGFFKRYCDILRIGYGNNLDCNNQRPFA
ABD92820.1,MGRHWRLVIVAIVTTALLGANLSAALDLTDQLVTKEVKGKKVCKMGWACPEFSKFCCNQTIPEFLDVDQFQQLFPNINAPTAHAVGFWDYQSFVLATIKYAPLGFGTTGGKLMGQLELAAFLGHVGSQTSCGYGVATGGPTAWGLCYNKELSPSQKYCDDSYKYTYPCTPGADYYGRGALPIYWNYNYGQIGDALQENLLDHPEYIEQNATLAFQAAIYSWMTPKKKGQPSCHDAFVGNWKPNKNDTLSKRVPGFGVTMNILYGDRTCGQGDVDDMNTIITHYLYYLDEMGVGRERAGPAEVLSCAEQKPFNPSGSASS
ABU25226.1,MRALAVVAMVATAFLAAAVHAEQCGSQAGGAVCPNCLCCSQFGWCGSTSDYCGAGCQSQCSAAGCGGGGPTPPSGGGGSGVASIVSRSLFDQMLLHRNDAACPASNFYTYDAFVAAASAFPGFAAAGGDADTNKREVAAFLAQTSHETTGGWATAPDGPYTWGYCFKEENGGAAGPDYCQQSAQWPCAAGKKYYGRGPIQLSYNFNYGPAGQAIGADLLGDPDLVASDATVSFDTAFWFWMAPQSPKPSCHAVATGQWTPSADDQAAGRVPGYGVITNIINGGLECGHGEDDRVAVRIGFYKRYCDILGVSYGANLDCYGQRPFGS
ACC68684.1,MKIAALAILILASISAPFAAQCGKEANGAICPNDLCCSFWGYCGSTEAYCSGPCQSQCGSVGRAKEGVSAVISSSQFNEMLLHRDNEFCPARGFYTYDAFVDAANSFPGFAAVGDMDNQKRDVAAFLAQSSHYTTGGWPDAPDGEFAWGFCYFLEQAFPHNHKNSPAREVPTNATLSFEKAISFWMTERPPKPSCHDVMSGMWMPTITDVSQGRLPGFGLTINIMNGREECGHGEDYRANNRIGFYKRFCDILGVSYGENLDCNNQTPFGDRGRSAWNIFKQ
ACE79210.1,IISQSNFDEMLKHRNDNACSGHGFYTYAAFISAAQSFPGFGTTGDTDTRKRELAAFLGQTSHETTGGWAAAPDGPYAWGYCFVQEQGASGAFCTSPEYPCAPGKQYYGRGPIQLTHNYNYAQAGTAINQDLINNPDLVATDPTISFKTAIWFWMTPQSNKPSSHDVITGKWTPSSADSAAGRVPGYGVITNIINGGLECGKGSIAKQEDRIGFYKRYCDVLGVGYGNNLDC
ACN96317.1,MRFWTVTIFILASSLAVSAEQCGKQAGMALCPNGLCCSQFGWCGSTPEYCTNCQSQCGGPSPGGGVSSIITESVFNQMLKYRNDGRCPSNGFYTYNAFINAAKSFNGFGTTGSTVQQKQELAAFLAQTSHETTGGWASAPDGPYAWGYCFIRENNRAAYCTSKDWPCPPGKLYYGRGPIQLTHNYNYGQAGNAIGVDLINNPDLVATDATISFKTAIWFWMTPQGNKPSSHNVITQRWSPSAADTAGWVASLAYGVITNIINGGLECGHGRDDRVEDRIGFYKRYCDILKVGYGNALNCNNQRPSGSTKSTISNGLRPGLRLP
ACX37090.1,MANAPRILALGLLLALLCAAAGPAAAQNCGCQPNFCCSKFGYCGTTDDYCGDGCQSGPCRSGGGGGGGGGGGSGGANVANVVSDAFFNGIKNQAGSGCEGKNFYTRSAFLSAVNKYPGFAHGGTEVEGKREIAAFFAHVTHETGHFCYISEINKSNAYCDASNRQWPCAAGQKYYGRGPLQISWNYNYGPAGRDIGFNGLADPNRVAQDAVIAFKTALWFWMNNVHRLMPQGFGATIRAINGALECNGNNPAQMNARVGYYKQYCQQLRVDPGPNLTC
AEF58999.1,MKSIRFSAMAIALVTMGTMNLYFASAEQCGRQASGALCPGGLCCSKWGWCGNTEAHCGQDCQSQCGGSTPTPPSPTPGGQGVSSVITESIFNDLLKHRNDAACKAKGFYSYAAFIAAANAFPAFGTTGDLSTRKRELAAFFGQTSHETTGGWPAAPDGPYAWGYCFKEEQGNPPGEYCQASSQWPCASGKRYYGRGPVQISWNYNYGPAGRAIGFDGINNPDIVANDATVSFKTAVWFWMTAQSPKPSCHDVMTGRWSPSGSDSAAGRAAGYGVVTNIINGGLECGKGSDSRQVDRIGFYKRYCDILGVSYGSNLDCNSQKPFGFAAQSHPRLIKTVV
AEF59000.1,MAGNVGKMSSIFLGTTLAIFTAVAMIMSLPSVSSEDCGQQAGGALCPGGLCCSKWGWCGNTQAHCGQDCQSQCGGGGSTPTPTTPTPTPTTPTPSGQGVASIMTEDLFNQLLKYKDDSRCKANGFYSYAAFIAAASAFSGFGTAGDLTTNKRELAAFLAQTSHETTGGWQSAPDGPYAWGYCFKEEQDPVSDFCQASSQWPCASGKRYYGRGPIQISWNYNYGQAGSALQFDGINNPDIVASDPTVSFKTAVWFWMTAQSPKPSCHDVMTGTWSPSGSDSAAGRAAGYGLVTNIINGGLECGKGSNVKQDDRIGFYKRYCDILGVSYGSNIDCNSQTPYGG
AEF59005.1,MKSMKFSAMAIALLTMATMNLYFVSAEQCGQQAGGALCPGGLCCSKWGWCGNTDAHCGQDCQSQCGGSTPTPPSPTPGGQGVASIITESIFNELLKHRNDAGCKASGFYTYSAFIAAANAFPSFGTTGDVATRKRELAAFFGQTSHETTGGWATAPDGAYAWGYCFKEEQGNPPAEYCQATSQWPCASGKRYYGRGPVQLSWNYNYGPAGKAIGFDGINNPDIVASDATVSFKTAIWFWMTAQSPKPSCHDVMTGKWTPSGSDSAAGRAAGYGAVTNIINGGLECGKGSDSRQQDRIGFYKRYSDILGVSYGSNLDCNNQRPFGAAVQSEARLIKTVV
AHB62682.1,MRNWVLLLLCISPFFSRTLAEQCGSQAGGALCPNGLCCSQYGWCGTTSAYCGAGCQSQCGGSSPPSPSGGGDVGSIVTNEIFNQMLLHRNDNACPANGFYTYNAFIEAARSFPGFGTTGDVNTQRKELAAFFGQTSHETTGGWPTAPDGPYAWGYCFKQEQGNPPSYCEPSTAYPCAPGKSYYGRGPIQISYNYNYGQCGDSIGQPLLANPDLVADDALISFETAIWFWMTPQGDKPSCHDVITGNWSPSSADQAAGRLPGYGVITNIINGGVECGKGQDASVADRIGFYTRYCNILGVNPGNNLDCYNQAPFS
AHF88836.1,MKEIVRALEGYGPPKDKAAEQCGWQAGGALCPGGLCCSQYGWCANTPEYCGSGCQSQCDGGGGGEDGGIDLGSIISRSTFEEMLKHRNDAACPAKGFYTYDAFISAAKAFPAFGTTGDVDTRKREIAAFFGQTSHATTGWPTAPDGPYAWGYCYKEELNQASSYCSPSPAYPCAPGKKYYGRGPIQLSWNYNYGQCGQALGLDLLNNPDLVATDRVISFKAAIWFWMTPQFPKPSCHDVITGQWSPTGHDISAGRAPGYGVITNIINGGLECGRGWDARVEDRIGFYKRYCDMFAVGYGSNLDCYNQTPFGLG
BAA22965.1,MSSIKQIFAILVAIACMSCTMIAAQNCGCASGLCCSKYGYCGTTKAYCGDGCKQGPCYSSTPTTPSGGGGGGGASVQSLVTNAFFNGILNQAGSGCAGKSFYTRSAFLNALGNYPQFGKGGSSDDTKREVAAFFAHVTHETGHFCYIEEIAKSTYCQSSAQWPCNPNKQYYGRGPIQITWNYNYGAAGKSIGFDGINAPETVANNPVIAFKTAFWFWMNNVHSRIISGQGFGSTIRAVNGGECGGGNTPAVNARVGYYTQYCKQLGVSPGNNLSC
BAA22966.1,MSSLGQIFAMLVAIACMSCTMTTAQNCGCASGLCCSKYGYCGTTAAYCGDGCKQGPCYSSTPTTPSGGGGGASVQSLVTNAFFNGILNQAGSGCAGKSFYTRSAFLNALGNYPQFGKGGSSDDTKREVAAFFAHVTHETGHFCYIEEIAKSTYCQSSAQWPCNPNKQYYGRGPIQITWNYNYGAAGKSIGFDGINAPETVANNPVIAFKTAFWFWMNNVHSRIVSGQGFGSTIRAVNGGECGGGNTPAVNARVGYYTQYCKQLGVSPGNNLSC
BAA22967.1,MSSLGQIFAILMAITCMSCTMIAAQNCGCASGVCCSQYGYCGNGDAYCGKGCQQGPCYSSTGSGAVSVQSLVTDAFFNGIINQAGSSCAGKRFYTRSAFLNALGNYPQFGKGGSSDDTKREVAAFFAHVTHETGSFCYIEEISKSTYCNASATWPCNPSKQYYGRGPLQLTWNYNYGAAGRSIGFDGINAPETVANNPVTAFRTAFWFWMNNVHSIINSGRGFGATIRAINSIECNGGNTGAVNSRVQLYRQYCNQFGVSPGNNLSC
BAA22968.1,MSSLTQFFAIFMAIACMSCTMTTAQNCGCASGLCCSKYGYCGTTAAYCGDGCKQGPCYSSTPTTPSGGGGASVQSLVTNAFFNGILNQAGSGCAGKSFYTRSAFLNALGNYPQFGKGGSSDDTKREVAAFFAHVTHETGHFCYIEEIAKSTYCQSSAQWPCNPNKQYYGRGPIQITWNYNYGAAGKSIGFDGINAPETVANNPVIAFKTAFWFWMNNVHSRIVSGQGFGSTIRAVNGGECGGGNTPAVNARFGYYTQYCKQLGVSPGNNLSC
BAA23739.1,MYRRVMSLLVALGAIVAALIVLPATTAQAATCATAWSSSSVYTNGGTVSYNGRNYTAKWWTQNERPGTSDVWADKGACGTGGEGPGGNNGFVVSEAQFNQMFPNRNAFYTYKGLTDALSAYPAFAKTGSDEVKKREAAAFLANVSHETGGLFYIKEVNEANYPHYCDTTQSYGCPAGQAAYYGRGPIQLSWNFNYKAAGDALGINLLANPYLVEQDPAVAWKTGLWYWNSQNGPGTMTPHNAIVNNAGFGETIRSINGALECNGGNPAQVQSRINKFTQFTQILGTTTGPNLSC
BAA33971.1,MMRFWLVSLFCLFCLKYALAQDVGALVSKNLFERILLHRNDANCPAKGFYTYEAFVTATRSFGAFGTTGDTNTRKKEIAAFLAQTSHETTGGWATAPDGPYSWGYCFKQEQGSPPNYCVANQQWPCAPGKTYFGRGPIQISYNYNYGPAGRAIGSDLLNNPDLVANDPVVSFKTALWFWMTPQQPKPSAHDVITGRWTPSAADSAARRVPGFGVITNIINGGIECNKGSNAQMQSRIGFYRRYCQILGVDPGNNLDCANQKPFGQ
BAA76716.1,MLNRFALAAIPAALFAVHAYAAYPAWQEGTTYTAGTFVSYNGHDYKCLVTHTAYVGAGWTPSGTPTLWQDQGVSSGGTPTPAPTATPQPTATPKPTATPVPTASPTAAPTATPKPTATPLPTATPAPTAAPTATPAPSAGCYTAWSSSAAYNGGDKVTYNGRNYQAKWWTQNNIPSSNTGDGLPWTDLGTCGGVNPTATPAPTAAPTATPKPTATPVPTGTPTATPTATPKPTATPVPTSTPTATPAPVATPVPTSTPAAYKPQITFIAAPAGYPTDAQFSSAETALASASGHRFEHAGPHPCRAGCVAGCASERGDCRQRSNPDNVKRVERIMNEAKFDSLFPVRNVAYTYTNFLRACQVPGVLHQLHRRPRQRRHLPQAAGHLVCSLRPGNRRQLAGTDPGHRAHLPGAEQTRCWRPWTRTPPSRRTSRRCGTCVNRATTKARPLARIRIASVARAARSSRSSTLRPEFSGQTLDYFGRGSKQLSWNYNFGPFSKSLYGDVNVLLDNPGLVADTWLNFASAIWFAVYPQSPKPPMTWVVDGTWVPNAVDVANNMSPGFGATVQIINGGIECGGGGAEKSQVQNRIASYKSFAAELGVTIPANEVLGCANMKGFQPGSAAATKTYLDKNWGYNANNPGGVSWACSLVDYQMPFSLANPGDYKQCVDYMFRGQVKFNGQVVIDNTK
BAA88833.1,VSEAQFNQMFPNRNPFYTYQGLVQALSAFPGFANTGDDTTKKQEAAAFLANVNHETGGLQYVVELNTANYPTYCDWGQSYGCPAGQAAYYGRGPIQLSWNYNYKAAGDAIGVDLLNNPWLVENDPAIAWKTGLWFWNTQSGAGTMTPHNAMVNHVGFGETIRSINGSLECNGRNQAQVQSRVDAYQRFTSILGVSPGGNLYC
BAA88834.1,VSEAQFNQMFPNRNPFYTYQGLVDALSAFPGFANTGDDTTKKQEAAAFLANVNHETGGLQYVVEQNTANYPAYCDWSQPYGCPAGQDAYYGRGPIQLSWNFNYKAAGDAIGVDLLNNPWLVENDPAIAWKTGLWYWNTQSGPGTMTPHDAMVNHAGFGQTIRSINGSLECDGRNPAQVQSRVDAYQRFTSILGVAPGDNLYC
BAA92252.1,MKKSRSLKAIVCILASAGVCLIANQAHAQAATGAPILKAAAACNFKVWSRGVNYQKGDIVLYQANGQYYKLVNVGTNGSDGTDPTISTWYWAPTTCDGGSSPGNGTDFPLSRATFEQMFPTRNSFYTYDGLVGALKSYPDFAGEASQDVRKQEIAAFLANVSHETGGLVYIRESNQANWNSYCSSGNCGGKQYYGRGPMQLSWDYNYKAAGDALGLNLLGNPDWVATDATISWATAIWFWMTQSGAGTMTPHQAMASGRGFGETIRSINGSLECNGRNPAQVQSRVDAYKRFVGLLGTTTGSGPTGC
BAB18519.1,MGAFALFAVLAMAVTMAVAEQCGSQAGGATCPNCLCCSRFGWCGSTSDYCGDGCQSQCAGCGGGGTPVTPTPTPSGGGGVSSIVSRALFDRMLLHRNDGACQAKGFYTYDAFVAAAGAFPGFGTTGSTDTRKREVAAFLAQTSHETTGGWATAPDGAFAWGYCFKQERGATSNYCTPSAQWPCAPGKSYYGRGPIQLSHNYNYGPAGRAIGVDLLRNPDLVATDPTVSFKTAMWFWMTAQAPKPSSHAVITGQWSPSGTDRAAGRVPGFGVITNIVNGGIECGHGQDSRVADRIGFYKRYCDILRVGYGNNLDCYNQRPFA
BAB18520.1,MRSLAVVVAVVATVAMAIGTAHGSVSSIISHAQFDRMLLHRNDGACQAKGFYTYDAFVAAANAFPGFGATGSTDARKRDVAAFLAQTSHETTGGWATAPDGAFAWGYCFKQERGAAADYCTPSAQWPCAPGKRYYGRGPIQLSHNYNYGPAGRAIGVDLLRNPDLVATDPTVSFKTALWFWMTAQAPKPSSHAVITGKWSPSGADRAAGRAPGFGVITNIINGGLECGHGQDSRVADRIGFYKRYCDILGVGYGDNLDCYNQRPFA
BAC45252.1,MIRRLLSQLAALGAIAAVLVTLPVAAAQAATACATAWSSSSVYTGGGQVSFEGRNYTAKWWTQNERPGTSDVWADQGPCGDGGGGEQPGPNDFVVSEAQFNQMFPNRNPFYTYSGLTTALSSYPGFTNTGSVEVQRREAAAFLANVSHETGGLVYIKEINEDNYPHYCDLSQPFGCPAGQSAYYGKGPIQLAWNYNYKAAGDALGIDLLNNPYLVEQDASIAWRTGLWFWNTQSGAGTMSGHTAIVDGHGFGESIRSINGSIECNGGNPGQVQSRINTFTQFTQILGTTTGSNLSC
BAC53632.1,VIGASLFDQLLKHRNDQACEGKGFYSYNAFITAARSFAAFGTTGDSNTRKREVAAFLAQTSHETTGGAATSPDGPYAWGYCFVTERDKSNRYCDGSGPCSAGKSYYGRGPIQLTHNYNYNAAGRALGVDLINNPDLVARDAVVSFKTALWFWMTPQGNKPSCHDVITNRWTPSAADKAANRVPGFGVITNIINGGLECGKGPTPASGDRIGFYKRYCDVFGVSYGPNLNC
BAC56863.1,MHSFRMIFLEALLIAGVLSGLFSSSAVAQNCQCDTTIYCCSQHGYCGNSYDYCGPGCQAGPCLVPCEGNGTLTVSDIVTQDFWDGIASQAAANCSGKGFYTLSAFLEAVSAYPGFGTKCTDEDRKREIAAYFAHVTHETGHLCYIEERDGHANNYCLESQQYPCNPNKEYFGRGPMQLSWNYNYIDAGKELNFDGLNDPDIVGRDPILSFKTSLWYWIRKGVQYVILDPDQGFGASIRIINGGQECDGKNTAQMMARVGYYEQYCAQLGVSPGNDLTCVTSNLAVS
BAC76690.1,MIAARAANLQVAMKALALAVLALAYAAATARAEQCGRQAGGARCPNRLCCSRWGWCGLTDDYCKGGCQSQCRVSRDGGDDDVAAVLLTAPGGGRAGVASVVTSDQFERMLPHRDDAACPARGFYAYRAFVAAAGAFPAFAATGDADTRKREVAAFLAQTSHATSGGPYSWGYCYKEVKGATSDFCVPNARWPCAPGKAYHARGPMQIAYNYNYGAAGEAIGADLLGNPELVATDPTVAFKTALWLWMTARSPSQPSPHAVVTGQWTPTPADSAAGRAPGYGLTTNILTGGLQCAGGNGGADRVAFYKRYCDVLGVGYGPNLDCFGQAPFDGDIMSASAAK
BAD77932.1,MQIMATQNSKSNIFWSSSASVVLVLLLLVDVGVCQNCGCNGLCCSQYGYCGSGEAYCGAGCKEGPCSSSSPPSTGTGVGSIVSSDVFNSIVGGAASGCAGNGFYTYDSFISAANAFNGFGTSGSSDVNKREIAAFFANAAHETGGFCYIEEQNPTSIYCDASNTQYPCASGKTYHGRGPLQLSWNYNYGAAGSYIQFDGLNNPEIVGTDSTISFKTAVWFWMVNSNCHTAITSGQGFGATIRAINSMECDGGNAATVASRVNYYQKFCQQLNVDTGSNLQC
BAD92016.1,MVKFLLIVVIVIGTVPLYSLTAFGALATPTLNVSASSGMCNLSWNGISGATGYDIYRNGNWYRWVSTTSTADTGLSNGTAYTYTVAAQNANVSPIDTSPQSASRTCTPSSGGGGGGSLAAPTLNVSASSATCSLSWNAVSGATGYDVYRNGSWYRWTNGLSTVDSGLSNGTTYSYTVSAQNANSTPIVTSPQSASKNCTPSGSSNPNPSGFVVTQAQFNQMFPNRNSFYTYSGLVSALSSFPAFANTGSDTIKKREAAAFLGNVAQETGHLQHIVEIDTNNYPLYCASHAQYPCAPGKQYYGRGPIQLSWNYNYGAAGAALGLPLLSNPDLVAQDASVAWKTALWFWVTQTGAGSMTSHSAIVNGVGFGETIRTINGSIECNGGSPQSVNNRVSYFTNFANILGVSTGANLTC
BAF10785.1,MRRLLPLAGATLLIAAAGGASGQQAGVGSIITRAMFESMLSHRGDQGCQGAFYTYDAFIKAAGDFPRFGTTGNDETRRRELAAFFGQTSHETTGGWATAPDGPFAWGYCRVNEITPSDPPYYGRGPIQLTHKYNYQLAGDALGLDLVNNPDLVSSDPVVAFRTAIWFWMTAQSPKPSCHDVITNQWTPSGDDRSSGRLPGYGMATNIINGGEECGKGYSTDNAKDRVGYYKRYCDMFRVGYGDNIACRDQKPYGGG
BAF98919.1,MALSAEINLLTVAFLAGILAGVLPNLVSGQNCGCAANLCCSKWGYCGTGDAYCGPGCQEGPCYSSGGGGSSVADIVTDSFFDGIINQASSSCAGKYFYSRSAFLDALDSYPAFGTSSDADTNKQEIAAFFAHVTHETGHFCYIEEIGGPSLPTSAYCDPSAAQWPCNPNVGYYGRGPIQISWNYNYGPAGQAIGFDGLNSPQTVANDPIISFKSALWFWMKNVHSIIVSGQGFGATIRAINSMECNGGNPSAVDDRVGYYVAYCNQFGVSPGGNLYC
BAF99002.1,MTSMSVSLLLAIAAAVLLQGAAAQSWTSFVTPAVFEGWFPNRNPFYTYDGLVSASNGYPEFGTTGSLDDQKRELAAFLGNINQESGGLQFIQEQNPQSDYCDTSSTQYPCAAGKQYYGRGPIQLSWNYNYGEAGADLGLDLLNNPDLVAQDSTVAWRTALWFWMKRDCHGAITASPPSFSGTIRIINGGLECNQPAGSIGNMQMENRVTYYTQFCQTLGVDPGTDLRC
BAG12896.1,MRGLVVAALLVAAFAVSAHAEQCGSQAGGATCPNCLCCSRFGFCGSGSDYCGAGCQSQCTGCGGGGTPVTPTPSGGGVSSVISQSLFDQMLLHRNDAACQAKGFYNYAAFVAAAGSFPAFATTGGADVRKREVAAFLAQTSHETTGGWPTAPDGPYSWGYCFNQERGATSDYCTPSSQWPCAPGKKYFGRGPIQISHNYNYGPAGRAIGADLLGNPDLVATDATVSFKTALWFWMTPQSPKPSSHDVITGQWSPSAADQAAGRAPGYGVITNIINGGLECGRGQDGRVADRIGFYKRYCDLLGVSYGDNLDCYNQRPFA
BAG55920.1,MSRRRIAAVTAALVLAGSAPMLLPAAATATTASAAAACSSYPAWAAGQWYEAGAVVRYTDGKAYIAEHANPGYDPTISTWYWEPYACDNGPGTPVGNFVVTEAQFNQMFPNRNPFYTYSGLTAALGAYPGFANTGSDTVKKQEAAAFLANVSHETGGLVHVVEQNQANYPHYCDWGRPYGCPAGQAAYYGRGPIQLSWNFNYKAAGDALGIDLLNNPWLVQNDAAVAWKTALWYWNTQSGPGTMTGHAAMVNGAGFGQTIRSINGSLECDGRNPAQVQSRVTKYQQFTQILGTTPGGNLYC
BAK53965.1,MDAITQYRAWVPATLLAALLGGALLPAVAVAAQQWAEGNTYTAGTVVTYNGRDYRALVTHSAYVGTNWNPAATPTLWQDIGPASGGGTPTPTPGPSPTPTPATPSPGGGGTCGYAAWNAGAAYTGGQRVSYNGTAYEAKWWTQGENPAQSGQWGVWKAVTCSGTPGPTPTPTPGPTPTPSPGGFVVSESDFNRMFPGRNSFYSYSGLVQALSAYPQFANTGSDTTKRQEAAAFLANINHETGGLVYIVEQNQANWPLYCDPGSVYACAPGKQYYGRGPMQLSWNFNYGAAGAALGLPLLADPDLVARDSAVAWKTAIWYWMTQSGPGTMTPHNAIVNGAGFGETIRSINGSLECGGRNPAQVQSRVNAYLSFTQILGVTSGNNLSC
BCS90539.1,MKFWKLTIFSLLLSTILQGSSAEQCGSQAGGALCPGGLCCSKYGWCGDTADYCGEGCQSQCGSSAGDISKLISRGTFDQMLKHRNDGACPAKGFYTYDAFIAAAKAFPGFGTTGDDATRKREIAAFLGQTSHETTGGWASAPDGPYSWGYCFLREKNPSSSYCSPSPTYPCAAGKQYYGRGPIQLSWNYNYGQCGKAIGVDLLNNPDLVATDPVISFKTALWFWMTPQSPKPSCHNVITGIWKPSAADQSAGRVAGYGATTNIINGGLECGQGWKAQVEDRIGFYKRYCDIFKVGYGNNLDCYNQRPFGSGLLLVDSM
CAA07413.1,MKLGSVFTFTLAYILLVTSSKLPSVAGDDVGSVIDASLFDQLLKHRNDPACEGKGFYSYNAFVTAARSFGGFGTTGDTNTRKREVAAFLAQTSHETTGGAAGSPDGPYAWGYCFVTERDKSNKYCDPGTPCPAGKSYYGRGPIQLTHNYNYAQAGRALGVDLINNPDLVARDAVISFKTAIWFWMTPQGNKPSCHDVITNRWTPSAADVAANRTPGFGVITNIINGGIECGRGPSPASGDRIGFYKRYCDVLHLSYGPNLNCRDQRPFGG
CAA34812.1,MRLCKFTALSSLLFSLLLLSASAEQCGSQAGGARCPSGLCCSKFGWCGNTNDYCGPGNCQSQCPGGPTPTPPTPPGGGDLGSIISSSMFDQMLKHRNDNACQGKGFYSYNAFINAARSFPGFGTSGDTTARKREIAAFFAQTSHETTGGWATAPDGPYAWGYCWLREQGSPGDYCTPSGQWPCAPGRKYFGRGPIQISHNYNYGPCGRAIGVDLLNNPDLVATDPVISFKSALWFWMTPQSPKPSCHDVIIGRWQPSAGDRAANRLPGFGVITNIINGGLECGRGTDSRVQDRIGFYRRYCSILGVSPGDNLDCGNQRSFGNGLLVDTM
CAA35945.1,MRLREFTALSSLLFSLLLLSASAEQCGSQAGGARCASGLCCSKFGWCGNTNDYCGPGNCQSQCPGGPTPPGGGDLGSIISSSMFDQMLKHRNDNACQGKGFYSYNAFINAARSFPGFGTSGDTTARKREIAAFFAQTSHETTGGWATAPDGPYAWGYCWLREQGSPGDYCTPSGQWPCAPGRKYFGRGPIQISHNYNYGPCGRAIGVDLLNNPDLVATDPVISFKSALWFWMTPQSPKPSCHDVIIGRWQPSSADRAANRLPGFGVITNIINGGLECGRGTDSRVQDRIGFYRRYCSILGVSPGDNLDCGNQRSFGNGLLVDTM
CAA43708.1,MALTKLSLVLFLCFLGLYSETVKSQNCGCAPNLCCSQFGYCGSTDAYCGTGCRSGPCRSPGGTPSPPGGGSVGSIVTQAFFNGIINQAGGGCAGKNFYTRDSFINAANTFPNFANSVTRREIATMFAHFTHETGHFCYIEEINGASRDYCDENNRQYPCAPGKGYFGRGPIQLSWNYNYGACGQSLNLNLLGQPELVSSNPTVAFRTGLWFWMNSVRPVLNQGFGATIRAINGMECNGGNSGAVNARIRYYRDYCGQLGVDPGPNLSC
CAA47921.1,MRLLVLAWFSVLCLKCVLAQDVGSLINKNLFERIFLHRNDAACAAKGFYTYEAFITATKSFAAFGTTGDTNTRKKEIAAFLAQTSHETTGGWATAPDGPYSWGYCFKQEQGSPGDYCVASQQWPCAPGKKYFGRGPIQISYNYNYGPAGRAIGVNLLNNPDLVANDAVVSFKTALWFWMTPQQPKPSAHDVITGRWSPSAADSAAGRVPGFGVITNIINGGIECSKGSNAQMDNRIGFYRRYCQILGVDPGNNLDCANQRPFGQ
CAA60590.1,MRALALVVVATAFAVVAVQPEQCGSQARGALCPNCLCCSQYGWCGSTSAYCGSGCQSQCSRQLRRRRPDRPSGGGGSGVASIVSRSLFDQMLLHRNDAACPAKNLYTYDAFVAAANAFPTFATTGDAATRKREVAAFLAQTSHETMGGWATAPDGPYSWGYCFKEENNGNVGSDYCVQSSQWPCRAGKKYYGRGPIQISYNYNYGPAGQAIGSNLLSNPDLASDATVSFKTAFWFWMTPQSPKPSCHAVMTGQWTPNGNDQAAGRVPGYGVVTNIINGGVECGHGADSRVADRIGFYKRYCDMLGVSYGANLDCYNQRPFNS
CAA64868.1,MKLFSLLLFLAFLLGTSAEQCGRQAGGAACANNLCCSQFGWCGNTAEYCGAGCQSQCSSPTTTTSSPTASSGGGGDVGSLISASLFDQMLKYRNDPRCKSNGFYTYNAFIAAARSFNGFGTTGDVTTRKRELAAFLAQTSHETTGGWATAPDGPYAWGYCFVMENNKQTYCTSKSWPCVFGKQYYGRGPIQLTHNYNYGQAGKAIGADLINNPDLVATNPTISFKTAIWFWMTPQANKPSSHDVIIGNWRPSAADTSAGRVPSYGVITNIINGGLECGHGSDDRVANRIGFYKRYCDTLGVSYGNNLDCYNQKPFA
CAA74930.1,MLTPTISKSISLVTILLVLQAFSNTTKAQNCGCSSELCCSQFGFCGNTSDYCGVGCQQGPCFAPPPANGVSVAEIVTQEFFNGIISQAASSCAGNRFYSRGAFLEALDSYSRFGRVGSTDDSRREIAAFFAHVTHETGRNFCYIEEIDGASKDYCDENATQYPCNPNKGYYGRGPIQLSWNFNYGPAGTAIGFDGLNAPETVATDPVISFKTALWYWTNRVQPVISQGFGATIRAINGALECDGANTATVQARVRYYTDYCRQLGVDPGNNLTC
CAA90970.1,MGLWALVAFCLLSLILVGSAEQCGGQAGGRVCPGGACCSKFGWCGNTADYCGSGCQSQCSSTGDIGQLITRSMFNDMLKHRNEGSCPGKGFYTYDAFIAAAKAFPGFGTTGDTTTRKREIAAFLAQTSHETTGGWASAPDGPYAWGYCYLREQGSPGAYCVPSAQWPCAAGRKYYGRGPIQISYNYNYGQAGKAIGVDLVNNPDLVATDAVISFKTAFWFWMTPQSPKPSCHNVITGGWTPSGADRSAGRLPGFGVITNIINGGVECGKGVVPQVQDRIGFYKRYCDILRVSYGNNLDCNNQRPFGSGLLLDTI
CAA92277.1,MKFLALMVVLILASALRASADISSLISQDMFNEMLKHRNDGNCPGKGFYTYDAFIAAANSFGAFGTTGDDTTRKREIAAFLAQTSHETTGGWPTAPDGPYAWGYCYVQEQGNPGDYCVPNQQWPCAPGKKYFGRGPIQISYNYNYGPAGEAIKANILNDPDLVAKDPTISFKTGLWFWMTPQSPKPSSHDVITGQWKPSAEDTAAGRVPGYGVITNIINGGIECGKGSNPQVEDRIGFYKRYCDILKVSYGDNLDCYNQRPFA
CAA93847.1,MRLIGSLLIFSLVLSFVLGGSAQNCGSGVVYGGRDTGHGTHGGELGKIISREMFDDLLEYRNDERCPARGFYTYDAFIEAAQAFPGFGNSGNETMRKREIAAFFAQTGHETTGGWPDAPGGEYAWGYCFISEVSPPSDYCDPNYPCRGKYYGRGPIQLSWNYNYLRCGEGLGLGEELLNNPDLLATDPVLSFKSAIWFWMTAQPPKPSCHEVIIDEWKPSANDVNAGRLPGYGLTTNIINGGIECGQGGNAAVRNRIGFFTTFCGKFGIQPGDSLDCYNQRPYGLNLMAQSM
CAB37321.1,MPRRRTSALLAALVISTAAPVLLPAAPAAAAACSSYPSWVAGRSYAAGDIVRYTDGKAYIAEHANPGYDPTISTWYWEPYACDGGSGTPVGTFVVTEAQFNQMFPNRNSFYSYSGLTAALSAYPGFANTGSDTTKKQEAAAFLANVSHETGGLVHVVEQNQANYPHYCDWSRPYGCPAGQAAYYGRGPIQLSWNFNYKAAGDALGIDLLNSPWLVERDSAVAWKTALWYWNTQTGPGTMTPHNAMVNGAGFGQTIRSINGSLECDGKNPAQVQSRVNNYQRFTQILGVSPGGNLYC
CAB42954.1,MSRRRISAVVTALALAGAVPLLMPANEASAASCSSYHAWSADANYNTGDIVRYTDGKAYIAEHANPGYDPLISTWYWDPYACDGGSQTPVGNFVVSEAQFNQMFPGRNSFYTYSGLTAALSAYPGFANTGSDTTKKQEAAAFLANVSHETGGLVYIVEQNTANYPHYCDWNQPYGCPAGQAAYYGRGPIQLSWNFNYKAAGDALGIDLLGNPWLVQNDAAVAWKTGLWYWNTQSGPGTMTPHNAMVNGAGFGQTIRSINGSLECDGKNPAQVQSRVTKYQQFAQILGVSPGGNLYC
CAD41540.2,VTEAFFNGIKNQAPNGCAGKSFYTRQSFLNAARSYSGFANDRTNDDSKREIAAFFAHVTHETGHMCYINEINGANMDYCDKSNKQWPCQPGKKYYGRGPLQISWNFNYGPAGKNIGFDGLRDPDKVAQDPTISFKTALWFWMNNVHQVMSQGFGATIRAINGALECNGKNPGAVNARVNYYKDYCRQFGVSPGGNLYC
CAD55444.1,MQHRKLALLAATGAAAALCTLTMAPSAVAEKSDTRTAAAEFVVSEAQFDQMFPSRNSFYTYSGLTAALSAYPGFSNTGSDTVKKQEAAAFLANVGHETGGLVYVVEQNTANYPHYCDASQPYGCPAGNDKYYGRGPVQLSWNFNYKAAGDALGIDLLNNPDLVQNDSAVAWKTGLWYWNTQTGPGTMTPHDAMVNGAGFGETIRSINGSLECDGGNPGQVQSRIDNYERFTQLLGVEPGGNLSC
EAR30107.1,FPQSEWNFLTQMAAPEYTYTRFLQAIGKFSAFCGDYTDGRNADAICKKSIVTAFAHFSQETGGHIAKTNTSDNPNGLEEWQQALVHVREMGWSEGQPGYTTGCGQNDWQNKRWPCAQNQGYFGRGAKQLSYHFNYGMFSEVMFDGDATVLLNNPGLVADSWLNLASAIWFFLTPQAPKPAMLHVIDRTWVPSQREQDAGIGYGFGTTINVINGGIECGAQNKTKGQPVNRIRYWEGLAHFYNVPVETDEENTC
QHN77092.1,MALFSFSFSSFCLTIFVIYSSLSLSAESRVSPIAPISSLISKTLFDSIFLHKDDNACPARNFYTYESFVEATSSFPAFGSTGCSATRKREVAAFLAQISHETTGGWATAPDGPYAWGLCFKEEVSPQSDYCDSSNKEWPCYPGKSYKGRGPIQLSWNYNYGPAGKALGFDGLKNPDIVSNNSVIAFKTALWFWMTEQKPKPSCHNVMVGNYVPTASDRAANRTLGFGLVTNIINGGLECGVPDDARVNDRIGYFQRYAKLFNVDTGPNLDCAYQKSF
6LNR_1|Chain,EQCSAIVPCPGGRCCSQWGYCGNTPAYCCTGCQSNCEETVCGDCPPNSGSAGDGGENGKIISRDMFDELLKRRNDLDCPARCFYTYNDFIQAAKAFPAFGDTGNDVIRKREIAAFFAQTSHETTGGSPGGPYQKGYCFKEEVGPGGGYCGGGYPCPDPGQYYGRGPIQLTWNYNYIFCGDDINQDLDNHPNLNSVNGVLSFKSAIWFWMTPQSPKPSCHDVMTNEWAPGGADGNAGRDPGFGLTTNIINGGLECGFGTDSRVQDRIGYFKHFCSNFGIDPGNNLDCYTQTPY
AAA64999.1,MKFNIVSPVALSCLFFLFLTGTLAQNAGSIVTRELFEQMLSFRNNDACPAKGFYTYDAFIAAANSFPGFGTTGDDTARKKEIAAFFGQTSHETKGGSAGTFTGGYCFVRQIDQSDRYYGRGPIQLTHQSNYERAGQGIGVGQDLVNNPDLVATDPIISFRTAIWFWMTAQDNKPSCHNVIIGQWTPSPADTAANRVPGYGVITNIINGGLECNMGPNTAVESRIGFYRRYCGMLNVPTGENLDCNNQKNFAQG
AAB64045.1,MATQNAILKKALIIFLFTLTIMTGTAFSQNCGTNGCKGNMCCSRWGYCGTTKAYCGTGCQSGPCNSKPKPTPTPSGSGGLNAGPRGTIASVITPAFFNSIMSKVGSGCPAKGFYTRQAFIAAAESFAAYKGTVAKREIAAMLAQFSHESGSFCYKEEIARGRYCSPSTTYPCQPGKNYYGRGPIQITWNYNYGAAGKFLGLPLLKDPDMVARSPTVAFQCAMWFWNKNVRPVLSQGFGATTRRINGGECNGGRPAAVQSRVNHYLDFCKKLGVTPGTNLSC
AAB64047.1,MAFTKISLVLLLCLLGFFSETVKSQNCGCAPNLCCSQFGYCGTDDAYCGVGCRSGPCRGSGTPTGGSVGSIVTQGFFNNIINQAGNGCAGKRFYTRDSFVNAANTFPNFANSVTRREIATMFAHFTHETGHFCYIEEINGATRNYCQSSNTQYPCAPGKGYFGRGPIQLSWNYNYGACGQSLGLDLLRQPELVGSNPTVAFRTGLWFWMNSVRPVLNQGFGATIRAINGMECNGGNSGAVNARIGYYRDYCGQLGVDPGPNLSC
AAB64049.1,MAKPTSRNDRFALFFITLIFLILTVSKPVASQNCGCASDFCCSKYGYCGTTDEFCGEGCQAGPCRSSGGGGDPAVSLEGTVTPDFFNSILNQRGDCPGKGFYTHDTFMAAANSYPSFGASISKREIAAFFAHVAQETGFMCYIEEIDGPAKAASGEYCDTEKPEFPCAQGKGYYGRGAIQLSWNYNYGLCGKALDENLLASPEKVAQDQVLAFKTAFWFWTTNVRTSFKSGFGATIRAVNSRECSGGDSTAKAANRIKYFQDYCGKLGVAPGDNLTC
AAG53609.1,MRGVVVVAMLAAAFAVSAHAEQCGSQAGGATCPNCLCCSKFGFCGSTSEYCGDGCQSQCNRCGGTPVPVPTPTGGGVSSIISQSLFDQMLLHRNDAACLAKGFYNYGAFIAAANSFSAFATTGGTDVRKREVAAFLAQTSHETTGGWPTAPDGPYSWGYCFNQERGAPSDYCSPSSQWPCAPGKKYFGRGPIQISYNYNYGPAGRAIGTDLLNNPDLVATDATVSFKTALWFWMTPQSPKPSSHDVITGRWSPSGADQAAGRVPGYGVITNIINGGLECGRGQDARVADRIGFYKRYCDLLGVSYGHNLDCYNQRPFA
AAG53610.1,MARFAALAALLLAVAVGGAAAQSVGSVITQSMYASMLPNRDNSLCPARGFYTYDAFIAAANTFPGFGTTGSTDDVKREVAAFFGQTSHETTGGTRGAADQFQWGYCFKEEINKATSPPYYGRGPIQLTGRSNYDLAGRAIGKDLVSNPDLVSTDAVVSFRTAMWFWMTAQGNKPSSHDVALRRWTPTAADNAAGRVPGYGVITNIINGGLECGMGRNDANVDRIGYYTRYCGMLGTATGGNLDCYTQRNFAS
BAA03749.1,MRALAVVVVATAFAVVAVRGEQCGSQAGGALCPNCLCCSQYGWCGSTSAYCGSGCQSQCSGSCGGGGPTPPSGGGGSGVASIVSRSLFDQMLLHRNDAACPAKNFYTYDAFVAAANAFPSFATTGDAATRKREVAAFLAQTSHETTGGWATAPDGPYSWGYCFKEENNGNVGSDYCVQSSQWPCAAGKKYYGRGPIQISYNYNYGPAGQAIGSNLLSNPDLVASDATVSFKTAFWFWMTPQSPKPSCHAVMTGQWTPNGNDQAAGRVPGYGVVTNIINGGVECGHGADSRVADRIGFYKRYCDMLGVSYGANLDCYNQRPFNS
BAA03750.1,MSTPRAAASLAKKAALVALAVLAAALATAARAEQCGAQAGGARCPNCLCCSRWGWCGTTSDFCGDGCQSQCSGCGPTPTPTPPSPSDGVGSIVPRDLFERLLLHRNDGACPARGFYTYEAFLAAAAAFPAFGGTGNTETRKREVAAFLGQTSHETTGGWPTAPDGPFSWGYCFKQEQNPPSDYCQPSPEWPCAPGRKYYGRGPIQLSFNFNYGPAGRAIGVDLLSNPDLVATDATVSFKTALWFWMTPQGNKPSSHDVITGRWAPSPADAAAGRAPGYGVITNIVNGGLECGHGPDDRVANRIGFYQRYCGAFGIGTGGNLDCYNQRPFNSGSSVGLAEQ
BAA03751.1,MRALALAVVAMAVVAVRGEQCGSQAGGALCPNCLCCSQYGWCGSTSDYCGAGCQSQCSGGCGGGPTPPSSGGGSGVASIISPSLFDQMLLHRNDQACAAKGFYTYDAFVAAANAYPDFATTGDADTCKREVAAFLAQTSHETTGGWPTAPDGPYSWGYCFKEENNGNAPTYCEPKPEWPCAAGKKYYGRGPIQITYNYNYGPAGQAIGSDLLNNPDLVASDATVSFKTAFWFWMTPQSPKPSCHAVITGQWTPSADDQAAGRVPGYGEITNIINGGVECGHGADDKVADRIGFYKRYCDMLGVSYGDNLDCYNQRPYPPS
CAB01591.1,MVYCTASLPLLLLLLVGLLAGEAFAEQCGRQAGGALCPGGLCCSQFGWCGSTSDYCGPTCQSQCGGVTPSPGGGVASLISQSVFNQMLKHRNDAACQAKGFYTYNAFIAAANSFNGFASVGDTATRKREIAAFLAQTSHETTGGWATAPDGPYAWGYCFLKEQGNPPDYCVPTAQWPCAPGKKYYGRGPIQISYNYNYGPAGRAIGYDLINNPDAVATDPVISFKTALWFWMTPQSPKPSCHNVITGRWTPSAADRAAGRLPGYGVITNIINGGIECGKGFNDKVADRIGFYKRYCDLLGVSYGSNLDCYNQRSFGVSTNPLAASS
CAC17793.1,MRLREFTALSSLLFSLLLLSASAEQCGSQAGGARCASGLCCSKFGWCGNTNDYCGPGNCQSQCPGGPTPPGGGDLGSIISSSMFDQMLKHRNDNACQGKGFYSYNAFINAARSFPGFGTSGDTTARKREIAAFFAQTSHETTGGWATAPDGPYAWGYCWLREQGSPGDYCTSSGQWPCAPGRKYFGRGPIQISHNYNYGPCGRAIGVDLLNNPDLVATDPVISFKSALWFWMTPQSPKPSCHDVIIGRWQPSSADRAANRLPGFGVITNIINGGLECGRGTDSRVQDRIGFYRRYCSILGVSPGDNLDCGNQRSFGNGLLVDTM
sp|P27054|CHI4_PHAVU,MGNKLVLVLVAVALVMGPKNVSAQNCGCAEGLCCSQYGYCGTGEDYCGTGCQQGPCTTASPPPSNNVNADILTADFLNGIIDQADSGCAGKNFYTRDAFLSALNSYTDFGRVGSEDDSKREIAAAFAHFTHETGHFCYIEEIDGASKDYCDEESIAQYPCSSSKGYHGRGPIQLSWNFNYGPAGSANNFDGLGAPETVSNDVVVSFKTALWYWMQHVRPVINQGFGATIRAINGALECDGANPTTVQARVNYYTEYCRQLGVATGDNLTC
sp|P85084|CHIT_CARPA,GIEKIISRSMFDQMLKHRNNPACPAKGFYTYDAFLAAAKSFPSFGTTGSTDVRKRELAAFLGQTSHETTGGWPSAPDGPYAWGYCFLKERNPSSNYCAPSPRYPCAPGKSYYGRGPLQLSWNYNYGPCGEALRVNLLGNPDLVATDRVLSFKTALWFWMTPQAPKPSCHDVLTGRWQPSAADTAAGRLPGYGVLTNLLNGGLECGKGPNPQVADRLGFFRRYCGLLGVGTGNNLDCYNQRPFG
